tool_number,capability,standalone_source,existing_equivalent,classification,overlap_status,target_production_module,target_api_route,database_entities,background_job,frontend_area,dependencies,integration_status
101,Time Series Trend Seasonality Analyzer,tool101_time_series_trend_seasonality_analyzer.zip,None equivalent; shared platform infrastructure reused,NEW,New capability represented by a canonical shared service.,app/core/forecasting/service.py,/api/v1/datasets/{dataset_id}/forecasting/trend_seasonality,AnalysisRun; Artifact; AutomationRun,optional,Forecast Studio,pandas; numpy; scipy; statsmodels,INTEGRATED_AND_TESTABLE
102,Time Series Decomposition Engine,tool102_time_series_decomposition_engine.zip,None equivalent; shared platform infrastructure reused,NEW,New capability represented by a canonical shared service.,app/core/forecasting/service.py,/api/v1/datasets/{dataset_id}/forecasting/decomposition,AnalysisRun; Artifact; AutomationRun,optional,Forecast Studio,pandas; numpy; scipy; statsmodels,INTEGRATED_AND_TESTABLE
103,Stationarity Testing Engine,tool103_stationarity_testing_engine.zip,None equivalent; shared platform infrastructure reused,NEW,New capability represented by a canonical shared service.,app/core/forecasting/service.py,/api/v1/datasets/{dataset_id}/forecasting/stationarity,AnalysisRun; Artifact; AutomationRun,optional,Forecast Studio,pandas; numpy; scipy; statsmodels,INTEGRATED_AND_TESTABLE
104,Time Series Differencing Transformation Engine,tool104_time_series_differencing_transformation_engine.zip,None equivalent; shared platform infrastructure reused,NEW,New capability represented by a canonical shared service.,app/core/forecasting/service.py,/api/v1/datasets/{dataset_id}/forecasting/transform,AnalysisRun; Artifact; AutomationRun,optional,Forecast Studio,pandas; numpy; scipy; statsmodels,INTEGRATED_AND_TESTABLE
105,Acf Pacf Diagnostic Engine,tool105_acf_pacf_diagnostic_engine.zip,None equivalent; shared platform infrastructure reused,NEW,New capability represented by a canonical shared service.,app/core/forecasting/service.py,/api/v1/datasets/{dataset_id}/forecasting/acf_pacf,AnalysisRun; Artifact; AutomationRun,optional,Forecast Studio,pandas; numpy; scipy; statsmodels,INTEGRATED_AND_TESTABLE
106,Exponential Smoothing Forecasting Engine,tool106_exponential_smoothing_forecasting_engine.zip,None equivalent; shared platform infrastructure reused,NEW,New capability represented by a canonical shared service.,app/core/forecasting/service.py,/api/v1/datasets/{dataset_id}/forecasting/exponential_smoothing,AnalysisRun; Artifact; AutomationRun,yes,Forecast Studio,pandas; numpy; scipy; statsmodels,INTEGRATED_AND_TESTABLE
107,Arima Forecasting Engine,tool107_arima_forecasting_engine.zip,None equivalent; shared platform infrastructure reused,NEW,New capability represented by a canonical shared service.,app/core/forecasting/service.py,/api/v1/datasets/{dataset_id}/forecasting/arima,AnalysisRun; Artifact; AutomationRun,yes,Forecast Studio,pandas; numpy; scipy; statsmodels,INTEGRATED_AND_TESTABLE
108,Sarima Forecasting Engine,tool108_sarima_forecasting_engine.zip,None equivalent; shared platform infrastructure reused,NEW,New capability represented by a canonical shared service.,app/core/forecasting/service.py,/api/v1/datasets/{dataset_id}/forecasting/sarima,AnalysisRun; Artifact; AutomationRun,yes,Forecast Studio,pandas; numpy; scipy; statsmodels,INTEGRATED_AND_TESTABLE
109,Forecast Evaluation Engine,tool109_forecast_evaluation_engine.zip,None equivalent; shared platform infrastructure reused,NEW,New capability represented by a canonical shared service.,app/core/forecasting/service.py,/api/v1/datasets/{dataset_id}/forecasting/evaluate,AnalysisRun; Artifact; AutomationRun,yes,Forecast Studio,pandas; numpy; scipy; statsmodels,INTEGRATED_AND_TESTABLE
110,Time Series Train Test Split Engine,tool110_time_series_train_test_split_engine.zip,None equivalent; shared platform infrastructure reused,NEW,New capability represented by a canonical shared service.,app/core/forecasting/service.py,/api/v1/datasets/{dataset_id}/forecasting/split,AnalysisRun; Artifact; AutomationRun,yes,Forecast Studio,pandas; numpy; scipy; statsmodels,INTEGRATED_AND_TESTABLE
111,Walk Forward Backtesting Engine,tool111_walk_forward_backtesting_engine.zip,None equivalent; shared platform infrastructure reused,NEW,New capability represented by a canonical shared service.,app/core/forecasting/service.py,/api/v1/datasets/{dataset_id}/forecasting/backtest,AnalysisRun; Artifact; AutomationRun,yes,Forecast Studio,pandas; numpy; scipy; statsmodels,INTEGRATED_AND_TESTABLE
112,Forecast Model Comparison Engine,tool112_forecast_model_comparison_engine.zip,None equivalent; shared platform infrastructure reused,NEW,New capability represented by a canonical shared service.,app/core/forecasting/service.py,/api/v1/datasets/{dataset_id}/forecasting/compare,AnalysisRun; Artifact; AutomationRun,yes,Forecast Studio,pandas; numpy; scipy; statsmodels,INTEGRATED_AND_TESTABLE
113,Forecast Prediction Interval Engine,tool113_forecast_prediction_interval_engine.zip,None equivalent; shared platform infrastructure reused,NEW,New capability represented by a canonical shared service.,app/core/forecasting/service.py,/api/v1/datasets/{dataset_id}/forecasting/prediction_intervals,AnalysisRun; Artifact; AutomationRun,yes,Forecast Studio,pandas; numpy; scipy; statsmodels,INTEGRATED_AND_TESTABLE
114,Automatic Forecast Model Selector,tool114_automatic_forecast_model_selector.zip,None equivalent; shared platform infrastructure reused,NEW,New capability represented by a canonical shared service.,app/core/forecasting/service.py,/api/v1/datasets/{dataset_id}/forecasting/auto_select,AnalysisRun; Artifact; AutomationRun,yes,Forecast Studio,pandas; numpy; scipy; statsmodels,INTEGRATED_AND_TESTABLE
115,Forecast Scenario Engine,tool115_forecast_scenario_engine.zip,None equivalent; shared platform infrastructure reused,NEW,New capability represented by a canonical shared service.,app/core/forecasting/service.py,/api/v1/datasets/{dataset_id}/forecasting/scenario,AnalysisRun; Artifact; AutomationRun,yes,Forecast Studio,pandas; numpy; scipy; statsmodels,INTEGRATED_AND_TESTABLE
116,Forecast Accuracy Monitoring Engine,tool116_forecast_accuracy_monitoring_engine.zip,None equivalent; shared platform infrastructure reused,NEW,New capability represented by a canonical shared service.,app/core/forecasting/service.py,/api/v1/datasets/{dataset_id}/forecasting/accuracy_monitoring,AnalysisRun; Artifact; AutomationRun,yes,Forecast Studio,pandas; numpy; scipy; statsmodels,INTEGRATED_AND_TESTABLE
117,Forecast Bias Drift Detection Engine,tool117_forecast_bias_drift_detection_engine.zip,None equivalent; shared platform infrastructure reused,NEW,New capability represented by a canonical shared service.,app/core/forecasting/service.py,/api/v1/datasets/{dataset_id}/forecasting/bias_drift,AnalysisRun; Artifact; AutomationRun,yes,Forecast Studio,pandas; numpy; scipy; statsmodels,INTEGRATED_AND_TESTABLE
118,Forecast Reconciliation Engine,tool118_forecast_reconciliation_engine.zip,None equivalent; shared platform infrastructure reused,NEW,New capability represented by a canonical shared service.,app/core/forecasting/service.py,/api/v1/datasets/{dataset_id}/forecasting/reconciliation,AnalysisRun; Artifact; AutomationRun,yes,Forecast Studio,pandas; numpy; scipy; statsmodels,INTEGRATED_AND_TESTABLE
119,Forecast Ensemble Engine,tool119_forecast_ensemble_engine.zip,None equivalent; shared platform infrastructure reused,NEW,New capability represented by a canonical shared service.,app/core/forecasting/service.py,/api/v1/datasets/{dataset_id}/forecasting/ensemble,AnalysisRun; Artifact; AutomationRun,yes,Forecast Studio,pandas; numpy; scipy; statsmodels,INTEGRATED_AND_TESTABLE
120,Intermittent Demand Forecasting Engine,tool120_intermittent_demand_forecasting_engine.zip,None equivalent; shared platform infrastructure reused,NEW,New capability represented by a canonical shared service.,app/core/forecasting/service.py,/api/v1/datasets/{dataset_id}/forecasting/intermittent,AnalysisRun; Artifact; AutomationRun,yes,Forecast Studio,pandas; numpy; scipy; statsmodels,INTEGRATED_AND_TESTABLE
121,Exogenous Regressor Forecasting Engine,tool121_exogenous_regressor_forecasting_engine.zip,None equivalent; shared platform infrastructure reused,NEW,New capability represented by a canonical shared service.,app/core/forecasting/service.py,/api/v1/datasets/{dataset_id}/forecasting/exogenous,AnalysisRun; Artifact; AutomationRun,yes,Forecast Studio,pandas; numpy; scipy; statsmodels,INTEGRATED_AND_TESTABLE
122,Calendar Event Effects Engine,tool122_calendar_event_effects_engine.zip,None equivalent; shared platform infrastructure reused,NEW,New capability represented by a canonical shared service.,app/core/forecasting/service.py,/api/v1/datasets/{dataset_id}/forecasting/calendar_effects,AnalysisRun; Artifact; AutomationRun,yes,Forecast Studio,pandas; numpy; scipy; statsmodels,INTEGRATED_AND_TESTABLE
123,Probabilistic Forecast Calibration Engine,tool123_probabilistic_forecast_calibration_engine.zip,None equivalent; shared platform infrastructure reused,NEW,New capability represented by a canonical shared service.,app/core/forecasting/service.py,/api/v1/datasets/{dataset_id}/forecasting/probabilistic_calibration,AnalysisRun; Artifact; AutomationRun,yes,Forecast Studio,pandas; numpy; scipy; statsmodels,INTEGRATED_AND_TESTABLE
124,Multi Series Batch Forecasting Engine,tool124_multi_series_batch_forecasting_engine.zip,None equivalent; shared platform infrastructure reused,NEW,New capability represented by a canonical shared service.,app/core/forecasting/service.py,/api/v1/datasets/{dataset_id}/forecasting/multi_series,AnalysisRun; Artifact; AutomationRun,yes,Forecast Studio,pandas; numpy; scipy; statsmodels,INTEGRATED_AND_TESTABLE
125,Forecast Horizon Frequency Recommendation Engine,tool125_forecast_horizon_frequency_recommendation_engine.zip,None equivalent; shared platform infrastructure reused,NEW,New capability represented by a canonical shared service.,app/core/forecasting/service.py,/api/v1/datasets/{dataset_id}/forecasting/horizon_frequency,AnalysisRun; Artifact; AutomationRun,yes,Forecast Studio,pandas; numpy; scipy; statsmodels,INTEGRATED_AND_TESTABLE
126,Forecast Override Consensus Engine,tool126_forecast_override_consensus_engine.zip,None equivalent; shared platform infrastructure reused,NEW,New capability represented by a canonical shared service.,app/core/forecasting/service.py,/api/v1/datasets/{dataset_id}/forecasting/override_consensus,AnalysisRun; Artifact; AutomationRun,yes,Forecast Studio,pandas; numpy; scipy; statsmodels,INTEGRATED_AND_TESTABLE
127,Forecast Planning Table Builder,tool127_forecast_planning_table_builder.zip,None equivalent; shared platform infrastructure reused,NEW,New capability represented by a canonical shared service.,app/core/forecasting/service.py,/api/v1/datasets/{dataset_id}/forecasting/planning_table,AnalysisRun; Artifact; AutomationRun,yes,Forecast Studio,pandas; numpy; scipy; statsmodels,INTEGRATED_AND_TESTABLE
128,Forecast Readiness Engine,tool128_forecast_readiness_engine.zip,None equivalent; shared platform infrastructure reused,NEW,New capability represented by a canonical shared service.,app/core/forecasting/service.py,/api/v1/datasets/{dataset_id}/forecasting/readiness,AnalysisRun; Artifact; AutomationRun,yes,Forecast Studio,pandas; numpy; scipy; statsmodels,INTEGRATED_AND_TESTABLE
129,Automated Forecasting Pipeline Engine,tool129_automated_forecasting_pipeline_engine.zip,None equivalent; shared platform infrastructure reused,NEW,New capability represented by a canonical shared service.,app/core/forecasting/service.py,/api/v1/datasets/{dataset_id}/forecasting/pipeline,AnalysisRun; Artifact; AutomationRun,yes,Forecast Studio,pandas; numpy; scipy; statsmodels,INTEGRATED_AND_TESTABLE
130,Forecast Portfolio Management Summary Engine,tool130_forecast_portfolio_management_summary_engine.zip,None equivalent; shared platform infrastructure reused,NEW,New capability represented by a canonical shared service.,app/core/forecasting/service.py,/api/v1/datasets/{dataset_id}/forecasting/portfolio_summary,AnalysisRun; Artifact; AutomationRun,yes,Forecast Studio,pandas; numpy; scipy; statsmodels,INTEGRATED_AND_TESTABLE
131,Ml Readiness Problem Type Detector,tool131_ml_readiness_problem_type_detector.zip,None equivalent; shared platform infrastructure reused,NEW,New capability represented by a canonical shared service.,app/core/ml/registry.py; app/core/ml/service.py,/api/v1/datasets/{dataset_id}/ml/{operation},RegisteredModel; ModelVersion; Artifact; AnalysisRun; ExperimentRun,yes,Machine Learning; Models,pandas; numpy; scikit-learn; joblib,INTEGRATED_AND_TESTABLE
132,Feature Preprocessing Engine,tool132_feature_preprocessing_engine.zip,Tools 1-100 dataset/version/analysis/artifact/job/workspace foundation,EXTEND,Extends the existing cumulative analyst/orchestration foundation.,app/core/ml/registry.py; app/core/ml/service.py,/api/v1/datasets/{dataset_id}/ml/{operation},RegisteredModel; ModelVersion; Artifact; AnalysisRun; ExperimentRun,yes,Machine Learning; Models,pandas; numpy; scikit-learn; joblib,INTEGRATED_AND_TESTABLE
133,Regression Model Training Evaluation Engine,tool133_regression_model_training_evaluation_engine.zip,Tools 1-100 dataset/version/analysis/artifact/job/workspace foundation,MERGE,"Merged into shared preprocessing, training, comparison, or evaluation services.",app/core/ml/registry.py; app/core/ml/service.py,/api/v1/datasets/{dataset_id}/ml/{operation},RegisteredModel; ModelVersion; Artifact; AnalysisRun; ExperimentRun,yes,Machine Learning; Models,pandas; numpy; scikit-learn; joblib,INTEGRATED_AND_TESTABLE
134,Classification Model Training Evaluation Engine,tool134_classification_model_training_evaluation_engine.zip,Tools 1-100 dataset/version/analysis/artifact/job/workspace foundation,MERGE,"Merged into shared preprocessing, training, comparison, or evaluation services.",app/core/ml/registry.py; app/core/ml/service.py,/api/v1/datasets/{dataset_id}/ml/{operation},RegisteredModel; ModelVersion; Artifact; AnalysisRun; ExperimentRun,yes,Machine Learning; Models,pandas; numpy; scikit-learn; joblib,INTEGRATED_AND_TESTABLE
135,Ml Model Comparison Selection Engine,tool135_ml_model_comparison_selection_engine.zip,Tools 1-100 dataset/version/analysis/artifact/job/workspace foundation,MERGE,"Merged into shared preprocessing, training, comparison, or evaluation services.",app/core/ml/registry.py; app/core/ml/service.py,/api/v1/datasets/{dataset_id}/ml/{operation},RegisteredModel; ModelVersion; Artifact; AnalysisRun; ExperimentRun,yes,Machine Learning; Models,pandas; numpy; scikit-learn; joblib,INTEGRATED_AND_TESTABLE
136,Hyperparameter Tuning Engine,tool136_hyperparameter_tuning_engine.zip,Tools 1-100 dataset/version/analysis/artifact/job/workspace foundation,MERGE,"Merged into shared preprocessing, training, comparison, or evaluation services.",app/core/ml/registry.py; app/core/ml/service.py,/api/v1/datasets/{dataset_id}/ml/{operation},RegisteredModel; ModelVersion; Artifact; AnalysisRun; ExperimentRun,yes,Machine Learning; Models,pandas; numpy; scikit-learn; joblib,INTEGRATED_AND_TESTABLE
137,Feature Selection Importance Engine,tool137_feature_selection_importance_engine.zip,Tools 1-100 dataset/version/analysis/artifact/job/workspace foundation,MERGE,"Merged into shared preprocessing, training, comparison, or evaluation services.",app/core/ml/registry.py; app/core/ml/service.py,/api/v1/datasets/{dataset_id}/ml/{operation},RegisteredModel; ModelVersion; Artifact; AnalysisRun; ExperimentRun,yes,Machine Learning; Models,pandas; numpy; scikit-learn; joblib,INTEGRATED_AND_TESTABLE
138,Model Explainability Driver Analysis Engine,tool138_model_explainability_driver_analysis_engine.zip,Tools 1-100 dataset/version/analysis/artifact/job/workspace foundation,MERGE,"Merged into shared preprocessing, training, comparison, or evaluation services.",app/core/ml/registry.py; app/core/ml/service.py,/api/v1/datasets/{dataset_id}/ml/{operation},RegisteredModel; ModelVersion; Artifact; AnalysisRun; ExperimentRun,yes,Machine Learning; Models,pandas; numpy; scikit-learn; joblib,INTEGRATED_AND_TESTABLE
139,Class Imbalance Resampling Engine,tool139_class_imbalance_resampling_engine.zip,Tools 1-100 dataset/version/analysis/artifact/job/workspace foundation,MERGE,"Merged into shared preprocessing, training, comparison, or evaluation services.",app/core/ml/registry.py; app/core/ml/service.py,/api/v1/datasets/{dataset_id}/ml/{operation},RegisteredModel; ModelVersion; Artifact; AnalysisRun; ExperimentRun,yes,Machine Learning; Models,pandas; numpy; scikit-learn; joblib,INTEGRATED_AND_TESTABLE
140,Classification Threshold Optimization Engine,tool140_classification_threshold_optimization_engine.zip,Tools 1-100 dataset/version/analysis/artifact/job/workspace foundation,MERGE,"Merged into shared preprocessing, training, comparison, or evaluation services.",app/core/ml/registry.py; app/core/ml/service.py,/api/v1/datasets/{dataset_id}/ml/{operation},RegisteredModel; ModelVersion; Artifact; AnalysisRun; ExperimentRun,yes,Machine Learning; Models,pandas; numpy; scikit-learn; joblib,INTEGRATED_AND_TESTABLE
141,Probability Calibration Engine,tool141_probability_calibration_engine.zip,Tools 1-100 dataset/version/analysis/artifact/job/workspace foundation,MERGE,"Merged into shared preprocessing, training, comparison, or evaluation services.",app/core/ml/registry.py; app/core/ml/service.py,/api/v1/datasets/{dataset_id}/ml/{operation},RegisteredModel; ModelVersion; Artifact; AnalysisRun; ExperimentRun,yes,Machine Learning; Models,pandas; numpy; scikit-learn; joblib,INTEGRATED_AND_TESTABLE
142,Knn Intelligence Engine,tool142_knn_intelligence_engine.zip,None equivalent; shared platform infrastructure reused,DEPRECATED DUPLICATE,Generic wrapper consolidated into explicit registered estimator families.,app/core/ml/registry.py; app/core/ml/service.py,/api/v1/datasets/{dataset_id}/ml/{operation},RegisteredModel; ModelVersion; Artifact; AnalysisRun; ExperimentRun,yes,Machine Learning; Models,pandas; numpy; scikit-learn; joblib,INTEGRATED_AND_TESTABLE
143,Svm Intelligence Engine,tool143_svm_intelligence_engine.zip,None equivalent; shared platform infrastructure reused,DEPRECATED DUPLICATE,Generic wrapper consolidated into explicit registered estimator families.,app/core/ml/registry.py; app/core/ml/service.py,/api/v1/datasets/{dataset_id}/ml/{operation},RegisteredModel; ModelVersion; Artifact; AnalysisRun; ExperimentRun,yes,Machine Learning; Models,pandas; numpy; scikit-learn; joblib,INTEGRATED_AND_TESTABLE
144,Decision Tree Intelligence Engine,tool144_decision_tree_intelligence_engine.zip,None equivalent; shared platform infrastructure reused,DEPRECATED DUPLICATE,Generic wrapper consolidated into explicit registered estimator families.,app/core/ml/registry.py; app/core/ml/service.py,/api/v1/datasets/{dataset_id}/ml/{operation},RegisteredModel; ModelVersion; Artifact; AnalysisRun; ExperimentRun,yes,Machine Learning; Models,pandas; numpy; scikit-learn; joblib,INTEGRATED_AND_TESTABLE
145,Naive Bayes Intelligence Engine,tool145_naive_bayes_intelligence_engine.zip,None equivalent; shared platform infrastructure reused,DEPRECATED DUPLICATE,Generic wrapper consolidated into explicit registered estimator families.,app/core/ml/registry.py; app/core/ml/service.py,/api/v1/datasets/{dataset_id}/ml/{operation},RegisteredModel; ModelVersion; Artifact; AnalysisRun; ExperimentRun,yes,Machine Learning; Models,pandas; numpy; scikit-learn; joblib,INTEGRATED_AND_TESTABLE
146,Gradient Boosting Intelligence Engine,tool146_gradient_boosting_intelligence_engine.zip,None equivalent; shared platform infrastructure reused,DEPRECATED DUPLICATE,Generic wrapper consolidated into explicit registered estimator families.,app/core/ml/registry.py; app/core/ml/service.py,/api/v1/datasets/{dataset_id}/ml/{operation},RegisteredModel; ModelVersion; Artifact; AnalysisRun; ExperimentRun,yes,Machine Learning; Models,pandas; numpy; scikit-learn; joblib,INTEGRATED_AND_TESTABLE
147,Ensemble Voting Stacking Engine,tool147_ensemble_voting_stacking_engine.zip,None equivalent; shared platform infrastructure reused,DEPRECATED DUPLICATE,Generic wrapper consolidated into explicit registered estimator families.,app/core/ml/registry.py; app/core/ml/service.py,/api/v1/datasets/{dataset_id}/ml/{operation},RegisteredModel; ModelVersion; Artifact; AnalysisRun; ExperimentRun,yes,Machine Learning; Models,pandas; numpy; scikit-learn; joblib,INTEGRATED_AND_TESTABLE
148,Kmeans Clustering Intelligence Engine,tool148_kmeans_clustering_intelligence_engine.zip,None equivalent; shared platform infrastructure reused,NEW,New capability represented by a canonical shared service.,app/core/ml/unsupervised.py,/api/v1/datasets/{dataset_id}/ml/unsupervised/{operation},AnalysisRun; Artifact; AutomationRun,yes,Machine Learning,pandas; numpy; scikit-learn,INTEGRATED_AND_TESTABLE
149,Pca Dimensionality Reduction Engine,tool149_pca_dimensionality_reduction_engine.zip,None equivalent; shared platform infrastructure reused,NEW,New capability represented by a canonical shared service.,app/core/ml/unsupervised.py,/api/v1/datasets/{dataset_id}/ml/unsupervised/{operation},AnalysisRun; Artifact; AutomationRun,yes,Machine Learning,pandas; numpy; scikit-learn,INTEGRATED_AND_TESTABLE
150,Dbscan Clustering Intelligence Engine,tool150_dbscan_clustering_intelligence_engine.zip,None equivalent; shared platform infrastructure reused,NEW,New capability represented by a canonical shared service.,app/core/ml/unsupervised.py,/api/v1/datasets/{dataset_id}/ml/unsupervised/{operation},AnalysisRun; Artifact; AutomationRun,yes,Machine Learning,pandas; numpy; scikit-learn,INTEGRATED_AND_TESTABLE
151,Hierarchical Clustering Intelligence Engine,tool151_hierarchical_clustering_intelligence_engine.zip,None equivalent; shared platform infrastructure reused,NEW,New capability represented by a canonical shared service.,app/core/ml/unsupervised.py,/api/v1/datasets/{dataset_id}/ml/unsupervised/{operation},AnalysisRun; Artifact; AutomationRun,yes,Machine Learning,pandas; numpy; scikit-learn,INTEGRATED_AND_TESTABLE
152,Isolation Forest Anomaly Intelligence Engine,tool152_isolation_forest_anomaly_intelligence_engine.zip,None equivalent; shared platform infrastructure reused,NEW,New capability represented by a canonical shared service.,app/core/ml/unsupervised.py,/api/v1/datasets/{dataset_id}/ml/unsupervised/{operation},AnalysisRun; Artifact; AutomationRun,yes,Machine Learning,pandas; numpy; scikit-learn,INTEGRATED_AND_TESTABLE
153,Unsupervised Model Selection Engine,tool153_unsupervised_model_selection_engine.zip,None equivalent; shared platform infrastructure reused,NEW,New capability represented by a canonical shared service.,app/core/ml/unsupervised.py,/api/v1/datasets/{dataset_id}/ml/unsupervised/{operation},AnalysisRun; Artifact; AutomationRun,yes,Machine Learning,pandas; numpy; scikit-learn,INTEGRATED_AND_TESTABLE
154,Gaussian Mixture Intelligence Engine,tool154_gaussian_mixture_intelligence_engine.zip,None equivalent; shared platform infrastructure reused,NEW,New capability represented by a canonical shared service.,app/core/ml/unsupervised.py,/api/v1/datasets/{dataset_id}/ml/unsupervised/{operation},AnalysisRun; Artifact; AutomationRun,yes,Machine Learning,pandas; numpy; scikit-learn,INTEGRATED_AND_TESTABLE
155,Spectral Clustering Intelligence Engine,tool155_spectral_clustering_intelligence_engine.zip,None equivalent; shared platform infrastructure reused,NEW,New capability represented by a canonical shared service.,app/core/ml/unsupervised.py,/api/v1/datasets/{dataset_id}/ml/unsupervised/{operation},AnalysisRun; Artifact; AutomationRun,yes,Machine Learning,pandas; numpy; scikit-learn,INTEGRATED_AND_TESTABLE
156,Local Outlier Factor Intelligence Engine,tool156_local_outlier_factor_intelligence_engine.zip,None equivalent; shared platform infrastructure reused,NEW,New capability represented by a canonical shared service.,app/core/ml/unsupervised.py,/api/v1/datasets/{dataset_id}/ml/unsupervised/{operation},AnalysisRun; Artifact; AutomationRun,yes,Machine Learning,pandas; numpy; scikit-learn,INTEGRATED_AND_TESTABLE
157,One Class Svm Novelty Intelligence Engine,tool157_one_class_svm_novelty_intelligence_engine.zip,None equivalent; shared platform infrastructure reused,NEW,New capability represented by a canonical shared service.,app/core/ml/unsupervised.py,/api/v1/datasets/{dataset_id}/ml/unsupervised/{operation},AnalysisRun; Artifact; AutomationRun,yes,Machine Learning,pandas; numpy; scikit-learn,INTEGRATED_AND_TESTABLE
158,Clustering Stability Consensus Engine,tool158_clustering_stability_consensus_engine.zip,None equivalent; shared platform infrastructure reused,NEW,New capability represented by a canonical shared service.,app/core/ml/unsupervised.py,/api/v1/datasets/{dataset_id}/ml/unsupervised/{operation},AnalysisRun; Artifact; AutomationRun,yes,Machine Learning,pandas; numpy; scikit-learn,INTEGRATED_AND_TESTABLE
159,Robust Covariance Anomaly Engine,tool159_robust_covariance_anomaly_engine.zip,None equivalent; shared platform infrastructure reused,NEW,New capability represented by a canonical shared service.,app/core/ml/unsupervised.py,/api/v1/datasets/{dataset_id}/ml/unsupervised/{operation},AnalysisRun; Artifact; AutomationRun,yes,Machine Learning,pandas; numpy; scikit-learn,INTEGRATED_AND_TESTABLE
160,Kernel Pca Intelligence Engine,tool160_kernel_pca_intelligence_engine.zip,None equivalent; shared platform infrastructure reused,NEW,New capability represented by a canonical shared service.,app/core/ml/unsupervised.py,/api/v1/datasets/{dataset_id}/ml/unsupervised/{operation},AnalysisRun; Artifact; AutomationRun,yes,Machine Learning,pandas; numpy; scikit-learn,INTEGRATED_AND_TESTABLE
161,Fastica Source Separation Engine,tool161_fastica_source_separation_engine.zip,None equivalent; shared platform infrastructure reused,NEW,New capability represented by a canonical shared service.,app/core/ml/unsupervised.py,/api/v1/datasets/{dataset_id}/ml/unsupervised/{operation},AnalysisRun; Artifact; AutomationRun,yes,Machine Learning,pandas; numpy; scikit-learn,INTEGRATED_AND_TESTABLE
162,Nmf Latent Factor Intelligence Engine,tool162_nmf_latent_factor_intelligence_engine.zip,None equivalent; shared platform infrastructure reused,NEW,New capability represented by a canonical shared service.,app/core/ml/unsupervised.py,/api/v1/datasets/{dataset_id}/ml/unsupervised/{operation},AnalysisRun; Artifact; AutomationRun,yes,Machine Learning,pandas; numpy; scikit-learn,INTEGRATED_AND_TESTABLE
163,Tsne Manifold Embedding Engine,tool163_tsne_manifold_embedding_engine.zip,None equivalent; shared platform infrastructure reused,NEW,New capability represented by a canonical shared service.,app/core/ml/unsupervised.py,/api/v1/datasets/{dataset_id}/ml/unsupervised/{operation},AnalysisRun; Artifact; AutomationRun,yes,Machine Learning,pandas; numpy; scikit-learn,INTEGRATED_AND_TESTABLE
164,Mds Embedding Intelligence Engine,tool164_mds_embedding_intelligence_engine.zip,None equivalent; shared platform infrastructure reused,NEW,New capability represented by a canonical shared service.,app/core/ml/unsupervised.py,/api/v1/datasets/{dataset_id}/ml/unsupervised/{operation},AnalysisRun; Artifact; AutomationRun,yes,Machine Learning,pandas; numpy; scikit-learn,INTEGRATED_AND_TESTABLE
165,Isomap Manifold Intelligence Engine,tool165_isomap_manifold_intelligence_engine.zip,None equivalent; shared platform infrastructure reused,NEW,New capability represented by a canonical shared service.,app/core/ml/unsupervised.py,/api/v1/datasets/{dataset_id}/ml/unsupervised/{operation},AnalysisRun; Artifact; AutomationRun,yes,Machine Learning,pandas; numpy; scikit-learn,INTEGRATED_AND_TESTABLE
166,Lle Manifold Intelligence Engine,tool166_lle_manifold_intelligence_engine.zip,None equivalent; shared platform infrastructure reused,NEW,New capability represented by a canonical shared service.,app/core/ml/unsupervised.py,/api/v1/datasets/{dataset_id}/ml/unsupervised/{operation},AnalysisRun; Artifact; AutomationRun,yes,Machine Learning,pandas; numpy; scikit-learn,INTEGRATED_AND_TESTABLE
167,Minibatch Kmeans Intelligence Engine,tool167_minibatch_kmeans_intelligence_engine.zip,None equivalent; shared platform infrastructure reused,NEW,New capability represented by a canonical shared service.,app/core/ml/unsupervised.py,/api/v1/datasets/{dataset_id}/ml/unsupervised/{operation},AnalysisRun; Artifact; AutomationRun,yes,Machine Learning,pandas; numpy; scikit-learn,INTEGRATED_AND_TESTABLE
168,Birch Clustering Intelligence Engine,tool168_birch_clustering_intelligence_engine.zip,None equivalent; shared platform infrastructure reused,NEW,New capability represented by a canonical shared service.,app/core/ml/unsupervised.py,/api/v1/datasets/{dataset_id}/ml/unsupervised/{operation},AnalysisRun; Artifact; AutomationRun,yes,Machine Learning,pandas; numpy; scikit-learn,INTEGRATED_AND_TESTABLE
169,Optics Clustering Intelligence Engine,tool169_optics_clustering_intelligence_engine.zip,None equivalent; shared platform infrastructure reused,NEW,New capability represented by a canonical shared service.,app/core/ml/unsupervised.py,/api/v1/datasets/{dataset_id}/ml/unsupervised/{operation},AnalysisRun; Artifact; AutomationRun,yes,Machine Learning,pandas; numpy; scikit-learn,INTEGRATED_AND_TESTABLE
170,Mean Shift Clustering Intelligence Engine,tool170_mean_shift_clustering_intelligence_engine.zip,None equivalent; shared platform infrastructure reused,NEW,New capability represented by a canonical shared service.,app/core/ml/unsupervised.py,/api/v1/datasets/{dataset_id}/ml/unsupervised/{operation},AnalysisRun; Artifact; AutomationRun,yes,Machine Learning,pandas; numpy; scikit-learn,INTEGRATED_AND_TESTABLE
171,Affinity Propagation Intelligence Engine,tool171_affinity_propagation_intelligence_engine.zip,None equivalent; shared platform infrastructure reused,NEW,New capability represented by a canonical shared service.,app/core/ml/unsupervised.py,/api/v1/datasets/{dataset_id}/ml/unsupervised/{operation},AnalysisRun; Artifact; AutomationRun,yes,Machine Learning,pandas; numpy; scikit-learn,INTEGRATED_AND_TESTABLE
172,Bayesian Gaussian Mixture Engine,tool172_bayesian_gaussian_mixture_engine.zip,None equivalent; shared platform infrastructure reused,NEW,New capability represented by a canonical shared service.,app/core/ml/unsupervised.py,/api/v1/datasets/{dataset_id}/ml/unsupervised/{operation},AnalysisRun; Artifact; AutomationRun,yes,Machine Learning,pandas; numpy; scikit-learn,INTEGRATED_AND_TESTABLE
173,Random Projection Intelligence Engine,tool173_random_projection_intelligence_engine.zip,None equivalent; shared platform infrastructure reused,NEW,New capability represented by a canonical shared service.,app/core/ml/unsupervised.py,/api/v1/datasets/{dataset_id}/ml/unsupervised/{operation},AnalysisRun; Artifact; AutomationRun,yes,Machine Learning,pandas; numpy; scikit-learn,INTEGRATED_AND_TESTABLE
174,Truncated Svd Intelligence Engine,tool174_truncated_svd_intelligence_engine.zip,None equivalent; shared platform infrastructure reused,NEW,New capability represented by a canonical shared service.,app/core/ml/unsupervised.py,/api/v1/datasets/{dataset_id}/ml/unsupervised/{operation},AnalysisRun; Artifact; AutomationRun,yes,Machine Learning,pandas; numpy; scikit-learn,INTEGRATED_AND_TESTABLE
175,Factor Analysis Intelligence Engine,tool175_factor_analysis_intelligence_engine.zip,None equivalent; shared platform infrastructure reused,NEW,New capability represented by a canonical shared service.,app/core/ml/unsupervised.py,/api/v1/datasets/{dataset_id}/ml/unsupervised/{operation},AnalysisRun; Artifact; AutomationRun,yes,Machine Learning,pandas; numpy; scikit-learn,INTEGRATED_AND_TESTABLE
176,Sparse Pca Intelligence Engine,tool176_sparse_pca_intelligence_engine.zip,None equivalent; shared platform infrastructure reused,NEW,New capability represented by a canonical shared service.,app/core/ml/unsupervised.py,/api/v1/datasets/{dataset_id}/ml/unsupervised/{operation},AnalysisRun; Artifact; AutomationRun,yes,Machine Learning,pandas; numpy; scikit-learn,INTEGRATED_AND_TESTABLE
177,Dictionary Learning Intelligence Engine,tool177_dictionary_learning_intelligence_engine.zip,None equivalent; shared platform infrastructure reused,NEW,New capability represented by a canonical shared service.,app/core/ml/unsupervised.py,/api/v1/datasets/{dataset_id}/ml/unsupervised/{operation},AnalysisRun; Artifact; AutomationRun,yes,Machine Learning,pandas; numpy; scikit-learn,INTEGRATED_AND_TESTABLE
178,Feature Agglomeration Intelligence Engine,tool178_feature_agglomeration_intelligence_engine.zip,None equivalent; shared platform infrastructure reused,NEW,New capability represented by a canonical shared service.,app/core/ml/unsupervised.py,/api/v1/datasets/{dataset_id}/ml/unsupervised/{operation},AnalysisRun; Artifact; AutomationRun,yes,Machine Learning,pandas; numpy; scikit-learn,INTEGRATED_AND_TESTABLE
179,Nearest Centroid Intelligence Engine,tool179_nearest_centroid_intelligence_engine.zip,None equivalent; shared platform infrastructure reused,NEW,New capability represented by a canonical shared service.,app/core/ml/registry.py; app/core/ml/service.py,/api/v1/datasets/{dataset_id}/ml/{operation},RegisteredModel; ModelVersion; Artifact; AnalysisRun; ExperimentRun,yes,Machine Learning; Models,pandas; numpy; scikit-learn; joblib,INTEGRATED_AND_TESTABLE
180,Linear Discriminant Analysis Engine,tool180_linear_discriminant_analysis_engine.zip,None equivalent; shared platform infrastructure reused,NEW,New capability represented by a canonical shared service.,app/core/ml/registry.py; app/core/ml/service.py,/api/v1/datasets/{dataset_id}/ml/{operation},RegisteredModel; ModelVersion; Artifact; AnalysisRun; ExperimentRun,yes,Machine Learning; Models,pandas; numpy; scikit-learn; joblib,INTEGRATED_AND_TESTABLE
181,Quadratic Discriminant Analysis Engine,tool181_quadratic_discriminant_analysis_engine.zip,None equivalent; shared platform infrastructure reused,NEW,New capability represented by a canonical shared service.,app/core/ml/registry.py; app/core/ml/service.py,/api/v1/datasets/{dataset_id}/ml/{operation},RegisteredModel; ModelVersion; Artifact; AnalysisRun; ExperimentRun,yes,Machine Learning; Models,pandas; numpy; scikit-learn; joblib,INTEGRATED_AND_TESTABLE
182,Elastic Net Regression Engine,tool182_elastic_net_regression_engine.zip,None equivalent; shared platform infrastructure reused,NEW,New capability represented by a canonical shared service.,app/core/ml/registry.py; app/core/ml/service.py,/api/v1/datasets/{dataset_id}/ml/{operation},RegisteredModel; ModelVersion; Artifact; AnalysisRun; ExperimentRun,yes,Machine Learning; Models,pandas; numpy; scikit-learn; joblib,INTEGRATED_AND_TESTABLE
183,Sgd Online Learning Engine,tool183_sgd_online_learning_engine.zip,None equivalent; shared platform infrastructure reused,NEW,New capability represented by a canonical shared service.,app/core/ml/registry.py; app/core/ml/service.py,/api/v1/datasets/{dataset_id}/ml/{operation},RegisteredModel; ModelVersion; Artifact; AnalysisRun; ExperimentRun,yes,Machine Learning; Models,pandas; numpy; scikit-learn; joblib,INTEGRATED_AND_TESTABLE
184,Ridge Regression Intelligence Engine,tool184_ridge_regression_intelligence_engine.zip,None equivalent; shared platform infrastructure reused,NEW,New capability represented by a canonical shared service.,app/core/ml/registry.py; app/core/ml/service.py,/api/v1/datasets/{dataset_id}/ml/{operation},RegisteredModel; ModelVersion; Artifact; AnalysisRun; ExperimentRun,yes,Machine Learning; Models,pandas; numpy; scikit-learn; joblib,INTEGRATED_AND_TESTABLE
185,Lasso Regression Intelligence Engine,tool185_lasso_regression_intelligence_engine.zip,None equivalent; shared platform infrastructure reused,NEW,New capability represented by a canonical shared service.,app/core/ml/registry.py; app/core/ml/service.py,/api/v1/datasets/{dataset_id}/ml/{operation},RegisteredModel; ModelVersion; Artifact; AnalysisRun; ExperimentRun,yes,Machine Learning; Models,pandas; numpy; scikit-learn; joblib,INTEGRATED_AND_TESTABLE
186,Bayesian Ridge Intelligence Engine,tool186_bayesian_ridge_intelligence_engine.zip,None equivalent; shared platform infrastructure reused,NEW,New capability represented by a canonical shared service.,app/core/ml/registry.py; app/core/ml/service.py,/api/v1/datasets/{dataset_id}/ml/{operation},RegisteredModel; ModelVersion; Artifact; AnalysisRun; ExperimentRun,yes,Machine Learning; Models,pandas; numpy; scikit-learn; joblib,INTEGRATED_AND_TESTABLE
187,Huber Regression Intelligence Engine,tool187_huber_regression_intelligence_engine.zip,None equivalent; shared platform infrastructure reused,NEW,New capability represented by a canonical shared service.,app/core/ml/registry.py; app/core/ml/service.py,/api/v1/datasets/{dataset_id}/ml/{operation},RegisteredModel; ModelVersion; Artifact; AnalysisRun; ExperimentRun,yes,Machine Learning; Models,pandas; numpy; scikit-learn; joblib,INTEGRATED_AND_TESTABLE
188,Ransac Regression Intelligence Engine,tool188_ransac_regression_intelligence_engine.zip,None equivalent; shared platform infrastructure reused,NEW,New capability represented by a canonical shared service.,app/core/ml/registry.py; app/core/ml/service.py,/api/v1/datasets/{dataset_id}/ml/{operation},RegisteredModel; ModelVersion; Artifact; AnalysisRun; ExperimentRun,yes,Machine Learning; Models,pandas; numpy; scikit-learn; joblib,INTEGRATED_AND_TESTABLE
189,Quantile Regression Intelligence Engine,tool189_quantile_regression_intelligence_engine.zip,None equivalent; shared platform infrastructure reused,NEW,New capability represented by a canonical shared service.,app/core/ml/registry.py; app/core/ml/service.py,/api/v1/datasets/{dataset_id}/ml/{operation},RegisteredModel; ModelVersion; Artifact; AnalysisRun; ExperimentRun,yes,Machine Learning; Models,pandas; numpy; scikit-learn; joblib,INTEGRATED_AND_TESTABLE
190,Passive Aggressive Classifier Engine,tool190_passive_aggressive_classifier_engine.zip,None equivalent; shared platform infrastructure reused,NEW,New capability represented by a canonical shared service.,app/core/ml/registry.py; app/core/ml/service.py,/api/v1/datasets/{dataset_id}/ml/{operation},RegisteredModel; ModelVersion; Artifact; AnalysisRun; ExperimentRun,yes,Machine Learning; Models,pandas; numpy; scikit-learn; joblib,INTEGRATED_AND_TESTABLE
191,Passive Aggressive Regressor Engine,tool191_passive_aggressive_regressor_engine.zip,None equivalent; shared platform infrastructure reused,NEW,New capability represented by a canonical shared service.,app/core/ml/registry.py; app/core/ml/service.py,/api/v1/datasets/{dataset_id}/ml/{operation},RegisteredModel; ModelVersion; Artifact; AnalysisRun; ExperimentRun,yes,Machine Learning; Models,pandas; numpy; scikit-learn; joblib,INTEGRATED_AND_TESTABLE
192,Perceptron Classifier Intelligence Engine,tool192_perceptron_classifier_intelligence_engine.zip,None equivalent; shared platform infrastructure reused,NEW,New capability represented by a canonical shared service.,app/core/ml/registry.py; app/core/ml/service.py,/api/v1/datasets/{dataset_id}/ml/{operation},RegisteredModel; ModelVersion; Artifact; AnalysisRun; ExperimentRun,yes,Machine Learning; Models,pandas; numpy; scikit-learn; joblib,INTEGRATED_AND_TESTABLE
193,Knn Supervised Intelligence Engine,tool193_knn_supervised_intelligence_engine.zip,Tools 1-100 dataset/version/analysis/artifact/job/workspace foundation,MERGE,"Merged into shared preprocessing, training, comparison, or evaluation services.",app/core/ml/registry.py; app/core/ml/service.py,/api/v1/datasets/{dataset_id}/ml/{operation},RegisteredModel; ModelVersion; Artifact; AnalysisRun; ExperimentRun,yes,Machine Learning; Models,pandas; numpy; scikit-learn; joblib,INTEGRATED_AND_TESTABLE
194,Decision Tree Classifier Engine,tool194_decision_tree_classifier_engine.zip,Tools 1-100 dataset/version/analysis/artifact/job/workspace foundation,MERGE,"Merged into shared preprocessing, training, comparison, or evaluation services.",app/core/ml/registry.py; app/core/ml/service.py,/api/v1/datasets/{dataset_id}/ml/{operation},RegisteredModel; ModelVersion; Artifact; AnalysisRun; ExperimentRun,yes,Machine Learning; Models,pandas; numpy; scikit-learn; joblib,INTEGRATED_AND_TESTABLE
195,Decision Tree Regressor Engine,tool195_decision_tree_regressor_engine.zip,Tools 1-100 dataset/version/analysis/artifact/job/workspace foundation,MERGE,"Merged into shared preprocessing, training, comparison, or evaluation services.",app/core/ml/registry.py; app/core/ml/service.py,/api/v1/datasets/{dataset_id}/ml/{operation},RegisteredModel; ModelVersion; Artifact; AnalysisRun; ExperimentRun,yes,Machine Learning; Models,pandas; numpy; scikit-learn; joblib,INTEGRATED_AND_TESTABLE
196,Random Forest Classifier Engine,tool196_random_forest_classifier_engine.zip,None equivalent; shared platform infrastructure reused,NEW,New capability represented by a canonical shared service.,app/core/ml/registry.py; app/core/ml/service.py,/api/v1/datasets/{dataset_id}/ml/{operation},RegisteredModel; ModelVersion; Artifact; AnalysisRun; ExperimentRun,yes,Machine Learning; Models,pandas; numpy; scikit-learn; joblib,INTEGRATED_AND_TESTABLE
197,Random Forest Regressor Engine,tool197_random_forest_regressor_engine.zip,None equivalent; shared platform infrastructure reused,NEW,New capability represented by a canonical shared service.,app/core/ml/registry.py; app/core/ml/service.py,/api/v1/datasets/{dataset_id}/ml/{operation},RegisteredModel; ModelVersion; Artifact; AnalysisRun; ExperimentRun,yes,Machine Learning; Models,pandas; numpy; scikit-learn; joblib,INTEGRATED_AND_TESTABLE
198,Extra Trees Classifier Engine,tool198_extra_trees_classifier_engine.zip,None equivalent; shared platform infrastructure reused,NEW,New capability represented by a canonical shared service.,app/core/ml/registry.py; app/core/ml/service.py,/api/v1/datasets/{dataset_id}/ml/{operation},RegisteredModel; ModelVersion; Artifact; AnalysisRun; ExperimentRun,yes,Machine Learning; Models,pandas; numpy; scikit-learn; joblib,INTEGRATED_AND_TESTABLE
199,Extra Trees Regressor Engine,tool199_extra_trees_regressor_engine.zip,None equivalent; shared platform infrastructure reused,NEW,New capability represented by a canonical shared service.,app/core/ml/registry.py; app/core/ml/service.py,/api/v1/datasets/{dataset_id}/ml/{operation},RegisteredModel; ModelVersion; Artifact; AnalysisRun; ExperimentRun,yes,Machine Learning; Models,pandas; numpy; scikit-learn; joblib,INTEGRATED_AND_TESTABLE
200,Gradient Boosting Classifier Engine,tool200_gradient_boosting_classifier_engine.zip,Tools 1-100 dataset/version/analysis/artifact/job/workspace foundation,MERGE,"Merged into shared preprocessing, training, comparison, or evaluation services.",app/core/ml/registry.py; app/core/ml/service.py,/api/v1/datasets/{dataset_id}/ml/{operation},RegisteredModel; ModelVersion; Artifact; AnalysisRun; ExperimentRun,yes,Machine Learning; Models,pandas; numpy; scikit-learn; joblib,INTEGRATED_AND_TESTABLE
201,Gradient Boosting Regressor Engine,tool201_gradient_boosting_regressor_engine.zip,Tools 1-100 dataset/version/analysis/artifact/job/workspace foundation,MERGE,"Merged into shared preprocessing, training, comparison, or evaluation services.",app/core/ml/registry.py; app/core/ml/service.py,/api/v1/datasets/{dataset_id}/ml/{operation},RegisteredModel; ModelVersion; Artifact; AnalysisRun; ExperimentRun,yes,Machine Learning; Models,pandas; numpy; scikit-learn; joblib,INTEGRATED_AND_TESTABLE
202,Adaboost Classifier Engine,tool202_adaboost_classifier_engine.zip,None equivalent; shared platform infrastructure reused,NEW,New capability represented by a canonical shared service.,app/core/ml/registry.py; app/core/ml/service.py,/api/v1/datasets/{dataset_id}/ml/{operation},RegisteredModel; ModelVersion; Artifact; AnalysisRun; ExperimentRun,yes,Machine Learning; Models,pandas; numpy; scikit-learn; joblib,INTEGRATED_AND_TESTABLE
203,Adaboost Regressor Engine,tool203_adaboost_regressor_engine.zip,None equivalent; shared platform infrastructure reused,NEW,New capability represented by a canonical shared service.,app/core/ml/registry.py; app/core/ml/service.py,/api/v1/datasets/{dataset_id}/ml/{operation},RegisteredModel; ModelVersion; Artifact; AnalysisRun; ExperimentRun,yes,Machine Learning; Models,pandas; numpy; scikit-learn; joblib,INTEGRATED_AND_TESTABLE
204,Hist Gradient Boosting Classifier Engine,tool204_hist_gradient_boosting_classifier_engine.zip,None equivalent; shared platform infrastructure reused,NEW,New capability represented by a canonical shared service.,app/core/ml/registry.py; app/core/ml/service.py,/api/v1/datasets/{dataset_id}/ml/{operation},RegisteredModel; ModelVersion; Artifact; AnalysisRun; ExperimentRun,yes,Machine Learning; Models,pandas; numpy; scikit-learn; joblib,INTEGRATED_AND_TESTABLE
205,Hist Gradient Boosting Regressor Engine,tool205_hist_gradient_boosting_regressor_engine.zip,None equivalent; shared platform infrastructure reused,NEW,New capability represented by a canonical shared service.,app/core/ml/registry.py; app/core/ml/service.py,/api/v1/datasets/{dataset_id}/ml/{operation},RegisteredModel; ModelVersion; Artifact; AnalysisRun; ExperimentRun,yes,Machine Learning; Models,pandas; numpy; scikit-learn; joblib,INTEGRATED_AND_TESTABLE
206,Bagging Classifier Intelligence Engine,tool206_bagging_classifier_intelligence_engine.zip,None equivalent; shared platform infrastructure reused,NEW,New capability represented by a canonical shared service.,app/core/ml/registry.py; app/core/ml/service.py,/api/v1/datasets/{dataset_id}/ml/{operation},RegisteredModel; ModelVersion; Artifact; AnalysisRun; ExperimentRun,yes,Machine Learning; Models,pandas; numpy; scikit-learn; joblib,INTEGRATED_AND_TESTABLE
207,Bagging Regressor Intelligence Engine,tool207_bagging_regressor_intelligence_engine.zip,None equivalent; shared platform infrastructure reused,NEW,New capability represented by a canonical shared service.,app/core/ml/registry.py; app/core/ml/service.py,/api/v1/datasets/{dataset_id}/ml/{operation},RegisteredModel; ModelVersion; Artifact; AnalysisRun; ExperimentRun,yes,Machine Learning; Models,pandas; numpy; scikit-learn; joblib,INTEGRATED_AND_TESTABLE
208,Voting Classifier Intelligence Engine,tool208_voting_classifier_intelligence_engine.zip,Tools 1-100 dataset/version/analysis/artifact/job/workspace foundation,MERGE,"Merged into shared preprocessing, training, comparison, or evaluation services.",app/core/ml/registry.py; app/core/ml/service.py,/api/v1/datasets/{dataset_id}/ml/{operation},RegisteredModel; ModelVersion; Artifact; AnalysisRun; ExperimentRun,yes,Machine Learning; Models,pandas; numpy; scikit-learn; joblib,INTEGRATED_AND_TESTABLE
209,Voting Regressor Intelligence Engine,tool209_voting_regressor_intelligence_engine.zip,Tools 1-100 dataset/version/analysis/artifact/job/workspace foundation,MERGE,"Merged into shared preprocessing, training, comparison, or evaluation services.",app/core/ml/registry.py; app/core/ml/service.py,/api/v1/datasets/{dataset_id}/ml/{operation},RegisteredModel; ModelVersion; Artifact; AnalysisRun; ExperimentRun,yes,Machine Learning; Models,pandas; numpy; scikit-learn; joblib,INTEGRATED_AND_TESTABLE
210,Stacking Classifier Intelligence Engine,tool210_stacking_classifier_intelligence_engine.zip,Tools 1-100 dataset/version/analysis/artifact/job/workspace foundation,MERGE,"Merged into shared preprocessing, training, comparison, or evaluation services.",app/core/ml/registry.py; app/core/ml/service.py,/api/v1/datasets/{dataset_id}/ml/{operation},RegisteredModel; ModelVersion; Artifact; AnalysisRun; ExperimentRun,yes,Machine Learning; Models,pandas; numpy; scikit-learn; joblib,INTEGRATED_AND_TESTABLE
211,Stacking Regressor Intelligence Engine,tool211_stacking_regressor_intelligence_engine.zip,Tools 1-100 dataset/version/analysis/artifact/job/workspace foundation,MERGE,"Merged into shared preprocessing, training, comparison, or evaluation services.",app/core/ml/registry.py; app/core/ml/service.py,/api/v1/datasets/{dataset_id}/ml/{operation},RegisteredModel; ModelVersion; Artifact; AnalysisRun; ExperimentRun,yes,Machine Learning; Models,pandas; numpy; scikit-learn; joblib,INTEGRATED_AND_TESTABLE
212,Gaussian Naive Bayes Intelligence Engine,tool212_gaussian_naive_bayes_intelligence_engine.zip,None equivalent; shared platform infrastructure reused,NEW,New capability represented by a canonical shared service.,app/core/ml/registry.py; app/core/ml/service.py,/api/v1/datasets/{dataset_id}/ml/{operation},RegisteredModel; ModelVersion; Artifact; AnalysisRun; ExperimentRun,yes,Machine Learning; Models,pandas; numpy; scikit-learn; joblib,INTEGRATED_AND_TESTABLE
213,Complement Naive Bayes Intelligence Engine,tool213_complement_naive_bayes_intelligence_engine.zip,None equivalent; shared platform infrastructure reused,NEW,New capability represented by a canonical shared service.,app/core/ml/registry.py; app/core/ml/service.py,/api/v1/datasets/{dataset_id}/ml/{operation},RegisteredModel; ModelVersion; Artifact; AnalysisRun; ExperimentRun,yes,Machine Learning; Models,pandas; numpy; scikit-learn; joblib,INTEGRATED_AND_TESTABLE
214,Multinomial Naive Bayes Intelligence Engine,tool214_multinomial_naive_bayes_intelligence_engine.zip,None equivalent; shared platform infrastructure reused,NEW,New capability represented by a canonical shared service.,app/core/ml/registry.py; app/core/ml/service.py,/api/v1/datasets/{dataset_id}/ml/{operation},RegisteredModel; ModelVersion; Artifact; AnalysisRun; ExperimentRun,yes,Machine Learning; Models,pandas; numpy; scikit-learn; joblib,INTEGRATED_AND_TESTABLE
215,Bernoulli Naive Bayes Intelligence Engine,tool215_bernoulli_naive_bayes_intelligence_engine.zip,None equivalent; shared platform infrastructure reused,NEW,New capability represented by a canonical shared service.,app/core/ml/registry.py; app/core/ml/service.py,/api/v1/datasets/{dataset_id}/ml/{operation},RegisteredModel; ModelVersion; Artifact; AnalysisRun; ExperimentRun,yes,Machine Learning; Models,pandas; numpy; scikit-learn; joblib,INTEGRATED_AND_TESTABLE
216,Categorical Naive Bayes Intelligence Engine,tool216_categorical_naive_bayes_intelligence_engine.zip,None equivalent; shared platform infrastructure reused,NEW,New capability represented by a canonical shared service.,app/core/ml/registry.py; app/core/ml/service.py,/api/v1/datasets/{dataset_id}/ml/{operation},RegisteredModel; ModelVersion; Artifact; AnalysisRun; ExperimentRun,yes,Machine Learning; Models,pandas; numpy; scikit-learn; joblib,INTEGRATED_AND_TESTABLE
217,Radius Neighbors Classifier Engine,tool217_radius_neighbors_classifier_engine.zip,None equivalent; shared platform infrastructure reused,NEW,New capability represented by a canonical shared service.,app/core/ml/registry.py; app/core/ml/service.py,/api/v1/datasets/{dataset_id}/ml/{operation},RegisteredModel; ModelVersion; Artifact; AnalysisRun; ExperimentRun,yes,Machine Learning; Models,pandas; numpy; scikit-learn; joblib,INTEGRATED_AND_TESTABLE
218,Radius Neighbors Regressor Engine,tool218_radius_neighbors_regressor_engine.zip,None equivalent; shared platform infrastructure reused,NEW,New capability represented by a canonical shared service.,app/core/ml/registry.py; app/core/ml/service.py,/api/v1/datasets/{dataset_id}/ml/{operation},RegisteredModel; ModelVersion; Artifact; AnalysisRun; ExperimentRun,yes,Machine Learning; Models,pandas; numpy; scikit-learn; joblib,INTEGRATED_AND_TESTABLE
219,Gaussian Process Classifier Engine,tool219_gaussian_process_classifier_engine.zip,None equivalent; shared platform infrastructure reused,NEW,New capability represented by a canonical shared service.,app/core/ml/registry.py; app/core/ml/service.py,/api/v1/datasets/{dataset_id}/ml/{operation},RegisteredModel; ModelVersion; Artifact; AnalysisRun; ExperimentRun,yes,Machine Learning; Models,pandas; numpy; scikit-learn; joblib,INTEGRATED_AND_TESTABLE
220,Gaussian Process Regressor Engine,tool220_gaussian_process_regressor_engine.zip,None equivalent; shared platform infrastructure reused,NEW,New capability represented by a canonical shared service.,app/core/ml/registry.py; app/core/ml/service.py,/api/v1/datasets/{dataset_id}/ml/{operation},RegisteredModel; ModelVersion; Artifact; AnalysisRun; ExperimentRun,yes,Machine Learning; Models,pandas; numpy; scikit-learn; joblib,INTEGRATED_AND_TESTABLE
221,Pls Regression Intelligence Engine,tool221_pls_regression_intelligence_engine.zip,None equivalent; shared platform infrastructure reused,NEW,New capability represented by a canonical shared service.,app/core/ml/registry.py; app/core/ml/service.py,/api/v1/datasets/{dataset_id}/ml/{operation},RegisteredModel; ModelVersion; Artifact; AnalysisRun; ExperimentRun,yes,Machine Learning; Models,pandas; numpy; scikit-learn; joblib,INTEGRATED_AND_TESTABLE
222,Pls Canonical Intelligence Engine,tool222_pls_canonical_intelligence_engine.zip,None equivalent; shared platform infrastructure reused,NEW,New capability represented by a canonical shared service.,app/core/ml/registry.py; app/core/ml/service.py,/api/v1/datasets/{dataset_id}/ml/{operation},RegisteredModel; ModelVersion; Artifact; AnalysisRun; ExperimentRun,yes,Machine Learning; Models,pandas; numpy; scikit-learn; joblib,INTEGRATED_AND_TESTABLE
223,Canonical Correlation Analysis Engine,tool223_canonical_correlation_analysis_engine.zip,None equivalent; shared platform infrastructure reused,NEW,New capability represented by a canonical shared service.,app/core/ml/registry.py; app/core/ml/service.py,/api/v1/datasets/{dataset_id}/ml/{operation},RegisteredModel; ModelVersion; Artifact; AnalysisRun; ExperimentRun,yes,Machine Learning; Models,pandas; numpy; scikit-learn; joblib,INTEGRATED_AND_TESTABLE
224,Kernel Ridge Regression Engine,tool224_kernel_ridge_regression_engine.zip,None equivalent; shared platform infrastructure reused,NEW,New capability represented by a canonical shared service.,app/core/ml/registry.py; app/core/ml/service.py,/api/v1/datasets/{dataset_id}/ml/{operation},RegisteredModel; ModelVersion; Artifact; AnalysisRun; ExperimentRun,yes,Machine Learning; Models,pandas; numpy; scikit-learn; joblib,INTEGRATED_AND_TESTABLE
225,Theil Sen Regression Engine,tool225_theil_sen_regression_engine.zip,None equivalent; shared platform infrastructure reused,NEW,New capability represented by a canonical shared service.,app/core/ml/registry.py; app/core/ml/service.py,/api/v1/datasets/{dataset_id}/ml/{operation},RegisteredModel; ModelVersion; Artifact; AnalysisRun; ExperimentRun,yes,Machine Learning; Models,pandas; numpy; scikit-learn; joblib,INTEGRATED_AND_TESTABLE
226,Poisson Regression Engine,tool226_poisson_regression_engine.zip,None equivalent; shared platform infrastructure reused,NEW,New capability represented by a canonical shared service.,app/core/ml/registry.py; app/core/ml/service.py,/api/v1/datasets/{dataset_id}/ml/{operation},RegisteredModel; ModelVersion; Artifact; AnalysisRun; ExperimentRun,yes,Machine Learning; Models,pandas; numpy; scikit-learn; joblib,INTEGRATED_AND_TESTABLE
227,Gamma Regression Engine,tool227_gamma_regression_engine.zip,None equivalent; shared platform infrastructure reused,NEW,New capability represented by a canonical shared service.,app/core/ml/registry.py; app/core/ml/service.py,/api/v1/datasets/{dataset_id}/ml/{operation},RegisteredModel; ModelVersion; Artifact; AnalysisRun; ExperimentRun,yes,Machine Learning; Models,pandas; numpy; scikit-learn; joblib,INTEGRATED_AND_TESTABLE
228,Tweedie Regression Engine,tool228_tweedie_regression_engine.zip,None equivalent; shared platform infrastructure reused,NEW,New capability represented by a canonical shared service.,app/core/ml/registry.py; app/core/ml/service.py,/api/v1/datasets/{dataset_id}/ml/{operation},RegisteredModel; ModelVersion; Artifact; AnalysisRun; ExperimentRun,yes,Machine Learning; Models,pandas; numpy; scikit-learn; joblib,INTEGRATED_AND_TESTABLE
229,Orthogonal Matching Pursuit Engine,tool229_orthogonal_matching_pursuit_engine.zip,None equivalent; shared platform infrastructure reused,NEW,New capability represented by a canonical shared service.,app/core/ml/registry.py; app/core/ml/service.py,/api/v1/datasets/{dataset_id}/ml/{operation},RegisteredModel; ModelVersion; Artifact; AnalysisRun; ExperimentRun,yes,Machine Learning; Models,pandas; numpy; scikit-learn; joblib,INTEGRATED_AND_TESTABLE
230,Multitask Lasso Regression Engine,tool230_multitask_lasso_regression_engine.zip,None equivalent; shared platform infrastructure reused,NEW,New capability represented by a canonical shared service.,app/core/ml/registry.py; app/core/ml/service.py,/api/v1/datasets/{dataset_id}/ml/{operation},RegisteredModel; ModelVersion; Artifact; AnalysisRun; ExperimentRun,yes,Machine Learning; Models,pandas; numpy; scikit-learn; joblib,INTEGRATED_AND_TESTABLE
231,Multitask Elastic Net Regression Engine,tool231_multitask_elastic_net_regression_engine.zip,None equivalent; shared platform infrastructure reused,NEW,New capability represented by a canonical shared service.,app/core/ml/registry.py; app/core/ml/service.py,/api/v1/datasets/{dataset_id}/ml/{operation},RegisteredModel; ModelVersion; Artifact; AnalysisRun; ExperimentRun,yes,Machine Learning; Models,pandas; numpy; scikit-learn; joblib,INTEGRATED_AND_TESTABLE
232,Isotonic Regression Engine,tool232_isotonic_regression_engine.zip,None equivalent; shared platform infrastructure reused,NEW,New capability represented by a canonical shared service.,app/core/ml/registry.py; app/core/ml/service.py,/api/v1/datasets/{dataset_id}/ml/{operation},RegisteredModel; ModelVersion; Artifact; AnalysisRun; ExperimentRun,yes,Machine Learning; Models,pandas; numpy; scikit-learn; joblib,INTEGRATED_AND_TESTABLE
233,Transformed Target Regression Engine,tool233_transformed_target_regression_engine.zip,None equivalent; shared platform infrastructure reused,NEW,New capability represented by a canonical shared service.,app/core/ml/registry.py; app/core/ml/service.py,/api/v1/datasets/{dataset_id}/ml/{operation},RegisteredModel; ModelVersion; Artifact; AnalysisRun; ExperimentRun,yes,Machine Learning; Models,pandas; numpy; scikit-learn; joblib,INTEGRATED_AND_TESTABLE
234,Linear Svc Intelligence Engine,tool234_linear_svc_intelligence_engine.zip,None equivalent; shared platform infrastructure reused,NEW,New capability represented by a canonical shared service.,app/core/ml/registry.py; app/core/ml/service.py,/api/v1/datasets/{dataset_id}/ml/{operation},RegisteredModel; ModelVersion; Artifact; AnalysisRun; ExperimentRun,yes,Machine Learning; Models,pandas; numpy; scikit-learn; joblib,INTEGRATED_AND_TESTABLE
235,Nu Svc Intelligence Engine,tool235_nu_svc_intelligence_engine.zip,None equivalent; shared platform infrastructure reused,NEW,New capability represented by a canonical shared service.,app/core/ml/registry.py; app/core/ml/service.py,/api/v1/datasets/{dataset_id}/ml/{operation},RegisteredModel; ModelVersion; Artifact; AnalysisRun; ExperimentRun,yes,Machine Learning; Models,pandas; numpy; scikit-learn; joblib,INTEGRATED_AND_TESTABLE
236,Linear Svr Intelligence Engine,tool236_linear_svr_intelligence_engine.zip,None equivalent; shared platform infrastructure reused,NEW,New capability represented by a canonical shared service.,app/core/ml/registry.py; app/core/ml/service.py,/api/v1/datasets/{dataset_id}/ml/{operation},RegisteredModel; ModelVersion; Artifact; AnalysisRun; ExperimentRun,yes,Machine Learning; Models,pandas; numpy; scikit-learn; joblib,INTEGRATED_AND_TESTABLE
237,Nu Svr Intelligence Engine,tool237_nu_svr_intelligence_engine.zip,None equivalent; shared platform infrastructure reused,NEW,New capability represented by a canonical shared service.,app/core/ml/registry.py; app/core/ml/service.py,/api/v1/datasets/{dataset_id}/ml/{operation},RegisteredModel; ModelVersion; Artifact; AnalysisRun; ExperimentRun,yes,Machine Learning; Models,pandas; numpy; scikit-learn; joblib,INTEGRATED_AND_TESTABLE
238,Ridge Classifier Intelligence Engine,tool238_ridge_classifier_intelligence_engine.zip,None equivalent; shared platform infrastructure reused,NEW,New capability represented by a canonical shared service.,app/core/ml/registry.py; app/core/ml/service.py,/api/v1/datasets/{dataset_id}/ml/{operation},RegisteredModel; ModelVersion; Artifact; AnalysisRun; ExperimentRun,yes,Machine Learning; Models,pandas; numpy; scikit-learn; joblib,INTEGRATED_AND_TESTABLE
239,Ridge Classifier Cv Intelligence Engine,tool239_ridge_classifier_cv_intelligence_engine.zip,None equivalent; shared platform infrastructure reused,NEW,New capability represented by a canonical shared service.,app/core/ml/registry.py; app/core/ml/service.py,/api/v1/datasets/{dataset_id}/ml/{operation},RegisteredModel; ModelVersion; Artifact; AnalysisRun; ExperimentRun,yes,Machine Learning; Models,pandas; numpy; scikit-learn; joblib,INTEGRATED_AND_TESTABLE
240,Logistic Regression Cv Intelligence Engine,tool240_logistic_regression_cv_intelligence_engine.zip,None equivalent; shared platform infrastructure reused,NEW,New capability represented by a canonical shared service.,app/core/ml/registry.py; app/core/ml/service.py,/api/v1/datasets/{dataset_id}/ml/{operation},RegisteredModel; ModelVersion; Artifact; AnalysisRun; ExperimentRun,yes,Machine Learning; Models,pandas; numpy; scikit-learn; joblib,INTEGRATED_AND_TESTABLE
241,Least Angle Regression Intelligence Engine,tool241_least_angle_regression_intelligence_engine.zip,None equivalent; shared platform infrastructure reused,NEW,New capability represented by a canonical shared service.,app/core/ml/registry.py; app/core/ml/service.py,/api/v1/datasets/{dataset_id}/ml/{operation},RegisteredModel; ModelVersion; Artifact; AnalysisRun; ExperimentRun,yes,Machine Learning; Models,pandas; numpy; scikit-learn; joblib,INTEGRATED_AND_TESTABLE
242,Lasso Lars Regression Intelligence Engine,tool242_lasso_lars_regression_intelligence_engine.zip,None equivalent; shared platform infrastructure reused,NEW,New capability represented by a canonical shared service.,app/core/ml/registry.py; app/core/ml/service.py,/api/v1/datasets/{dataset_id}/ml/{operation},RegisteredModel; ModelVersion; Artifact; AnalysisRun; ExperimentRun,yes,Machine Learning; Models,pandas; numpy; scikit-learn; joblib,INTEGRATED_AND_TESTABLE
243,Ard Regression Intelligence Engine,tool243_ard_regression_intelligence_engine.zip,None equivalent; shared platform infrastructure reused,NEW,New capability represented by a canonical shared service.,app/core/ml/registry.py; app/core/ml/service.py,/api/v1/datasets/{dataset_id}/ml/{operation},RegisteredModel; ModelVersion; Artifact; AnalysisRun; ExperimentRun,yes,Machine Learning; Models,pandas; numpy; scikit-learn; joblib,INTEGRATED_AND_TESTABLE
244,Cross Validation Intelligence Engine,tool244_cross_validation_intelligence_engine.zip,None equivalent; shared platform infrastructure reused,NEW,New capability represented by a canonical shared service.,app/core/ml/diagnostics.py,/api/v1/models/{model_version_id}/diagnostics/cross_validation,ModelVersion; AnalysisRun; AutomationRun,yes,Models,numpy; scipy; scikit-learn,INTEGRATED_AND_TESTABLE
245,Learning Curve Intelligence Engine,tool245_learning_curve_intelligence_engine.zip,None equivalent; shared platform infrastructure reused,NEW,New capability represented by a canonical shared service.,app/core/ml/diagnostics.py,/api/v1/models/{model_version_id}/diagnostics/learning_curve,ModelVersion; AnalysisRun; AutomationRun,yes,Models,numpy; scipy; scikit-learn,INTEGRATED_AND_TESTABLE
246,Validation Curve Intelligence Engine,tool246_validation_curve_intelligence_engine.zip,None equivalent; shared platform infrastructure reused,NEW,New capability represented by a canonical shared service.,app/core/ml/diagnostics.py,/api/v1/models/{model_version_id}/diagnostics/validation_curve,ModelVersion; AnalysisRun; AutomationRun,yes,Models,numpy; scipy; scikit-learn,INTEGRATED_AND_TESTABLE
247,Bootstrap Model Stability Engine,tool247_bootstrap_model_stability_engine.zip,None equivalent; shared platform infrastructure reused,NEW,New capability represented by a canonical shared service.,app/core/ml/diagnostics.py,/api/v1/models/{model_version_id}/diagnostics/bootstrap_stability,ModelVersion; AnalysisRun; AutomationRun,yes,Models,numpy; scipy; scikit-learn,INTEGRATED_AND_TESTABLE
248,Permutation Importance Stability Engine,tool248_permutation_importance_stability_engine.zip,None equivalent; shared platform infrastructure reused,NEW,New capability represented by a canonical shared service.,app/core/ml/diagnostics.py,/api/v1/models/{model_version_id}/diagnostics/permutation_importance_stability,ModelVersion; AnalysisRun; AutomationRun,yes,Models,numpy; scipy; scikit-learn,INTEGRATED_AND_TESTABLE
249,Partial Dependence Intelligence Engine,tool249_partial_dependence_intelligence_engine.zip,None equivalent; shared platform infrastructure reused,NEW,New capability represented by a canonical shared service.,app/core/ml/diagnostics.py,/api/v1/models/{model_version_id}/diagnostics/partial_dependence,ModelVersion; AnalysisRun; AutomationRun,yes,Models,numpy; scipy; scikit-learn,INTEGRATED_AND_TESTABLE
250,Individual Conditional Expectation Engine,tool250_individual_conditional_expectation_engine.zip,None equivalent; shared platform infrastructure reused,NEW,New capability represented by a canonical shared service.,app/core/ml/diagnostics.py,/api/v1/models/{model_version_id}/diagnostics/ice,ModelVersion; AnalysisRun; AutomationRun,yes,Models,numpy; scipy; scikit-learn,INTEGRATED_AND_TESTABLE
251,Model Error Slice Intelligence Engine,tool251_model_error_slice_intelligence_engine.zip,None equivalent; shared platform infrastructure reused,NEW,New capability represented by a canonical shared service.,app/core/ml/diagnostics.py,/api/v1/models/{model_version_id}/diagnostics/error_slices,ModelVersion; AnalysisRun; AutomationRun,yes,Models,numpy; scipy; scikit-learn,INTEGRATED_AND_TESTABLE
252,Bias Variance Diagnostic Engine,tool252_bias_variance_diagnostic_engine.zip,None equivalent; shared platform infrastructure reused,NEW,New capability represented by a canonical shared service.,app/core/ml/diagnostics.py,/api/v1/models/{model_version_id}/diagnostics/bias_variance,ModelVersion; AnalysisRun; AutomationRun,yes,Models,numpy; scipy; scikit-learn,INTEGRATED_AND_TESTABLE
253,Prediction Residual Intelligence Engine,tool253_prediction_residual_intelligence_engine.zip,None equivalent; shared platform infrastructure reused,NEW,New capability represented by a canonical shared service.,app/core/ml/diagnostics.py,/api/v1/models/{model_version_id}/diagnostics/residual_diagnostics,ModelVersion; AnalysisRun; AutomationRun,yes,Models,numpy; scipy; scikit-learn,INTEGRATED_AND_TESTABLE
254,Conformal Regression Interval Engine,tool254_conformal_regression_interval_engine.zip,None equivalent; shared platform infrastructure reused,NEW,New capability represented by a canonical shared service.,app/core/ml/monitoring.py,/api/v1/models/{model_version_id}/monitor/conformal_regression,MonitoringPolicy; MonitoringRun; ModelVersion; AnalysisRun,yes,Monitoring,pandas; numpy; scipy; scikit-learn,INTEGRATED_AND_TESTABLE
255,Conformal Classification Set Engine,tool255_conformal_classification_set_engine.zip,None equivalent; shared platform infrastructure reused,NEW,New capability represented by a canonical shared service.,app/core/ml/monitoring.py,/api/v1/models/{model_version_id}/monitor/conformal_classification,MonitoringPolicy; MonitoringRun; ModelVersion; AnalysisRun,yes,Monitoring,pandas; numpy; scipy; scikit-learn,INTEGRATED_AND_TESTABLE
256,Out Of Distribution Detection Engine,tool256_out_of_distribution_detection_engine.zip,None equivalent; shared platform infrastructure reused,NEW,New capability represented by a canonical shared service.,app/core/ml/monitoring.py,/api/v1/models/{model_version_id}/monitor/out_of_distribution,MonitoringPolicy; MonitoringRun; ModelVersion; AnalysisRun,yes,Monitoring,pandas; numpy; scipy; scikit-learn,INTEGRATED_AND_TESTABLE
257,Adversarial Validation Engine,tool257_adversarial_validation_engine.zip,None equivalent; shared platform infrastructure reused,NEW,New capability represented by a canonical shared service.,app/core/ml/monitoring.py,/api/v1/models/{model_version_id}/monitor/adversarial_validation,MonitoringPolicy; MonitoringRun; ModelVersion; AnalysisRun,yes,Monitoring,pandas; numpy; scipy; scikit-learn,INTEGRATED_AND_TESTABLE
258,Feature Drift Detection Engine,tool258_feature_drift_detection_engine.zip,None equivalent; shared platform infrastructure reused,NEW,New capability represented by a canonical shared service.,app/core/ml/monitoring.py,/api/v1/models/{model_version_id}/monitor/feature_drift,MonitoringPolicy; MonitoringRun; ModelVersion; AnalysisRun,yes,Monitoring,pandas; numpy; scipy; scikit-learn,INTEGRATED_AND_TESTABLE
259,Target Drift Detection Engine,tool259_target_drift_detection_engine.zip,None equivalent; shared platform infrastructure reused,NEW,New capability represented by a canonical shared service.,app/core/ml/monitoring.py,/api/v1/models/{model_version_id}/monitor/target_drift,MonitoringPolicy; MonitoringRun; ModelVersion; AnalysisRun,yes,Monitoring,pandas; numpy; scipy; scikit-learn,INTEGRATED_AND_TESTABLE
260,Prediction Drift Monitoring Engine,tool260_prediction_drift_monitoring_engine.zip,None equivalent; shared platform infrastructure reused,NEW,New capability represented by a canonical shared service.,app/core/ml/monitoring.py,/api/v1/models/{model_version_id}/monitor/prediction_drift,MonitoringPolicy; MonitoringRun; ModelVersion; AnalysisRun,yes,Monitoring,pandas; numpy; scipy; scikit-learn,INTEGRATED_AND_TESTABLE
261,Performance Drift Monitoring Engine,tool261_performance_drift_monitoring_engine.zip,None equivalent; shared platform infrastructure reused,NEW,New capability represented by a canonical shared service.,app/core/ml/monitoring.py,/api/v1/models/{model_version_id}/monitor/performance_drift,MonitoringPolicy; MonitoringRun; ModelVersion; AnalysisRun,yes,Monitoring,pandas; numpy; scipy; scikit-learn,INTEGRATED_AND_TESTABLE
262,Data Leakage Risk Detector Engine,tool262_data_leakage_risk_detector_engine.zip,None equivalent; shared platform infrastructure reused,NEW,New capability represented by a canonical shared service.,app/core/ml/monitoring.py,/api/v1/models/{model_version_id}/monitor/leakage_detection,MonitoringPolicy; MonitoringRun; ModelVersion; AnalysisRun,yes,Monitoring,pandas; numpy; scipy; scikit-learn,INTEGRATED_AND_TESTABLE
263,Champion Challenger Evaluation Engine,tool263_champion_challenger_evaluation_engine.zip,None equivalent; shared platform infrastructure reused,NEW,New capability represented by a canonical shared service.,app/core/ml/monitoring.py,/api/v1/models/{model_version_id}/monitor/champion_challenger,MonitoringPolicy; MonitoringRun; ModelVersion; AnalysisRun,yes,Monitoring,pandas; numpy; scipy; scikit-learn,INTEGRATED_AND_TESTABLE
264,Concept Drift Detection Engine,tool264_concept_drift_detection_engine.zip,None equivalent; shared platform infrastructure reused,NEW,New capability represented by a canonical shared service.,app/core/ml/monitoring.py,/api/v1/models/{model_version_id}/monitor/concept_drift,MonitoringPolicy; MonitoringRun; ModelVersion; AnalysisRun,yes,Monitoring,pandas; numpy; scipy; scikit-learn,INTEGRATED_AND_TESTABLE
265,Calibration Drift Monitoring Engine,tool265_calibration_drift_monitoring_engine.zip,None equivalent; shared platform infrastructure reused,NEW,New capability represented by a canonical shared service.,app/core/ml/monitoring.py,/api/v1/models/{model_version_id}/monitor/calibration_drift,MonitoringPolicy; MonitoringRun; ModelVersion; AnalysisRun,yes,Monitoring,pandas; numpy; scipy; scikit-learn,INTEGRATED_AND_TESTABLE
266,Uncertainty Drift Monitoring Engine,tool266_uncertainty_drift_monitoring_engine.zip,None equivalent; shared platform infrastructure reused,NEW,New capability represented by a canonical shared service.,app/core/ml/monitoring.py,/api/v1/models/{model_version_id}/monitor/uncertainty_drift,MonitoringPolicy; MonitoringRun; ModelVersion; AnalysisRun,yes,Monitoring,pandas; numpy; scipy; scikit-learn,INTEGRATED_AND_TESTABLE
267,Schema Compatibility Monitoring Engine,tool267_schema_compatibility_monitoring_engine.zip,None equivalent; shared platform infrastructure reused,NEW,New capability represented by a canonical shared service.,app/core/ml/monitoring.py,/api/v1/models/{model_version_id}/monitor/schema_compatibility,MonitoringPolicy; MonitoringRun; ModelVersion; AnalysisRun,yes,Monitoring,pandas; numpy; scipy; scikit-learn,INTEGRATED_AND_TESTABLE
268,Missingness Drift Monitoring Engine,tool268_missingness_drift_monitoring_engine.zip,None equivalent; shared platform infrastructure reused,NEW,New capability represented by a canonical shared service.,app/core/ml/monitoring.py,/api/v1/models/{model_version_id}/monitor/missingness_drift,MonitoringPolicy; MonitoringRun; ModelVersion; AnalysisRun,yes,Monitoring,pandas; numpy; scipy; scikit-learn,INTEGRATED_AND_TESTABLE
269,Correlation Structure Drift Engine,tool269_correlation_structure_drift_engine.zip,None equivalent; shared platform infrastructure reused,NEW,New capability represented by a canonical shared service.,app/core/ml/monitoring.py,/api/v1/models/{model_version_id}/monitor/correlation_drift,MonitoringPolicy; MonitoringRun; ModelVersion; AnalysisRun,yes,Monitoring,pandas; numpy; scipy; scikit-learn,INTEGRATED_AND_TESTABLE
270,Segment Performance Stability Engine,tool270_segment_performance_stability_engine.zip,None equivalent; shared platform infrastructure reused,NEW,New capability represented by a canonical shared service.,app/core/ml/monitoring.py,/api/v1/models/{model_version_id}/monitor/segment_stability,MonitoringPolicy; MonitoringRun; ModelVersion; AnalysisRun,yes,Monitoring,pandas; numpy; scipy; scikit-learn,INTEGRATED_AND_TESTABLE
271,Threshold Robustness Monitoring Engine,tool271_threshold_robustness_monitoring_engine.zip,None equivalent; shared platform infrastructure reused,NEW,New capability represented by a canonical shared service.,app/core/ml/monitoring.py,/api/v1/models/{model_version_id}/monitor/threshold_robustness,MonitoringPolicy; MonitoringRun; ModelVersion; AnalysisRun,yes,Monitoring,pandas; numpy; scipy; scikit-learn,INTEGRATED_AND_TESTABLE
272,Drift Root Cause Attribution Engine,tool272_drift_root_cause_attribution_engine.zip,None equivalent; shared platform infrastructure reused,NEW,New capability represented by a canonical shared service.,app/core/ml/monitoring.py,/api/v1/models/{model_version_id}/monitor/drift_root_cause,MonitoringPolicy; MonitoringRun; ModelVersion; AnalysisRun,yes,Monitoring,pandas; numpy; scipy; scikit-learn,INTEGRATED_AND_TESTABLE
273,Ml Production Readiness Scorecard Engine,tool273_ml_production_readiness_scorecard_engine.zip,None equivalent; shared platform infrastructure reused,NEW,New capability represented by a canonical shared service.,app/core/ml/monitoring.py,/api/v1/models/{model_version_id}/monitor/production_readiness,MonitoringPolicy; MonitoringRun; ModelVersion; AnalysisRun,yes,Monitoring,pandas; numpy; scipy; scikit-learn,INTEGRATED_AND_TESTABLE
274,Experiment Registry Intelligence Engine,tool274_experiment_registry_intelligence_engine.zip,None equivalent; shared platform infrastructure reused,NEW,New capability represented by a canonical shared service.,app/core/mlops/service.py; app/services/model_registry.py,/api/v1/mlops/experiment_registry,Experiment; ExperimentRun; RegisteredModel; ModelVersion; MonitoringPolicy; ApprovalRecord,optional,Models; Monitoring,SQLAlchemy; joblib,INTEGRATED_AND_TESTABLE
275,Reproducibility Manifest Engine,tool275_reproducibility_manifest_engine.zip,None equivalent; shared platform infrastructure reused,NEW,New capability represented by a canonical shared service.,app/core/mlops/service.py; app/services/model_registry.py,/api/v1/mlops/reproducibility_manifest,Experiment; ExperimentRun; RegisteredModel; ModelVersion; MonitoringPolicy; ApprovalRecord,optional,Models; Monitoring,SQLAlchemy; joblib,INTEGRATED_AND_TESTABLE
276,Model Card Generation Engine,tool276_model_card_generation_engine.zip,None equivalent; shared platform infrastructure reused,NEW,New capability represented by a canonical shared service.,app/core/mlops/service.py; app/services/model_registry.py,/api/v1/mlops/model_card,Experiment; ExperimentRun; RegisteredModel; ModelVersion; MonitoringPolicy; ApprovalRecord,optional,Models; Monitoring,SQLAlchemy; joblib,INTEGRATED_AND_TESTABLE
277,Training Serving Parity Engine,tool277_training_serving_parity_engine.zip,None equivalent; shared platform infrastructure reused,NEW,New capability represented by a canonical shared service.,app/core/mlops/service.py; app/services/model_registry.py,/api/v1/mlops/training_serving_parity,Experiment; ExperimentRun; RegisteredModel; ModelVersion; MonitoringPolicy; ApprovalRecord,optional,Models; Monitoring,SQLAlchemy; joblib,INTEGRATED_AND_TESTABLE
278,Model Registry Versioning Engine,tool278_model_registry_versioning_engine.zip,None equivalent; shared platform infrastructure reused,NEW,New capability represented by a canonical shared service.,app/core/mlops/service.py; app/services/model_registry.py,/api/v1/mlops/model_registry_versioning,Experiment; ExperimentRun; RegisteredModel; ModelVersion; MonitoringPolicy; ApprovalRecord,optional,Models; Monitoring,SQLAlchemy; joblib,INTEGRATED_AND_TESTABLE
279,Retraining Decision Engine,tool279_retraining_decision_engine.zip,None equivalent; shared platform infrastructure reused,NEW,New capability represented by a canonical shared service.,app/core/mlops/service.py; app/services/model_registry.py,/api/v1/mlops/retraining_decision,Experiment; ExperimentRun; RegisteredModel; ModelVersion; MonitoringPolicy; ApprovalRecord,optional,Models; Monitoring,SQLAlchemy; joblib,INTEGRATED_AND_TESTABLE
280,Monitoring Policy Generator Engine,tool280_monitoring_policy_generator_engine.zip,None equivalent; shared platform infrastructure reused,NEW,New capability represented by a canonical shared service.,app/core/mlops/service.py; app/services/model_registry.py,/api/v1/mlops/monitoring_policy,Experiment; ExperimentRun; RegisteredModel; ModelVersion; MonitoringPolicy; ApprovalRecord,optional,Models; Monitoring,SQLAlchemy; joblib,INTEGRATED_AND_TESTABLE
281,Deployment Strategy Recommendation Engine,tool281_deployment_strategy_recommendation_engine.zip,None equivalent; shared platform infrastructure reused,NEW,New capability represented by a canonical shared service.,app/core/mlops/service.py; app/services/model_registry.py,/api/v1/mlops/deployment_strategy,Experiment; ExperimentRun; RegisteredModel; ModelVersion; MonitoringPolicy; ApprovalRecord,optional,Models; Monitoring,SQLAlchemy; joblib,INTEGRATED_AND_TESTABLE
282,Model Governance Approval Engine,tool282_model_governance_approval_engine.zip,None equivalent; shared platform infrastructure reused,NEW,New capability represented by a canonical shared service.,app/core/mlops/service.py; app/services/model_registry.py,/api/v1/mlops/governance_approval,Experiment; ExperimentRun; RegisteredModel; ModelVersion; MonitoringPolicy; ApprovalRecord,optional,Models; Monitoring,SQLAlchemy; joblib,INTEGRATED_AND_TESTABLE
283,Automated Ml Lifecycle Orchestrator,tool283_automated_ml_lifecycle_orchestrator.zip,None equivalent; shared platform infrastructure reused,NEW,New capability represented by a canonical shared service.,app/core/mlops/service.py; app/services/model_registry.py,/api/v1/mlops/lifecycle_orchestration,Experiment; ExperimentRun; RegisteredModel; ModelVersion; MonitoringPolicy; ApprovalRecord,optional,Models; Monitoring,SQLAlchemy; joblib,INTEGRATED_AND_TESTABLE
284,Data Source Pipeline Readiness Engine,tool284_data_source_pipeline_readiness_engine.zip,None equivalent; shared platform infrastructure reused,NEW,New capability represented by a canonical shared service.,app/core/data_engineering/service.py,/api/v1/datasets/{dataset_id}/data-engineering/source_readiness,AnalysisRun; PipelineRun; WorkspaceAsset; AutomationRun,optional,Data Engineering,pandas; numpy,INTEGRATED_AND_TESTABLE
285,Data Contract Schema Evolution Engine,tool285_data_contract_schema_evolution_engine.zip,None equivalent; shared platform infrastructure reused,NEW,New capability represented by a canonical shared service.,app/core/data_engineering/service.py,/api/v1/datasets/{dataset_id}/data-engineering/contract_schema_evolution,AnalysisRun; PipelineRun; WorkspaceAsset; AutomationRun,optional,Data Engineering,pandas; numpy,INTEGRATED_AND_TESTABLE
286,Incremental Load Cdc Strategy Engine,tool286_incremental_load_cdc_strategy_engine.zip,None equivalent; shared platform infrastructure reused,NEW,New capability represented by a canonical shared service.,app/core/data_engineering/service.py,/api/v1/datasets/{dataset_id}/data-engineering/incremental_cdc,AnalysisRun; PipelineRun; WorkspaceAsset; AutomationRun,optional,Data Engineering,pandas; numpy,INTEGRATED_AND_TESTABLE
287,Pipeline Dag Dependency Intelligence Engine,tool287_pipeline_dag_dependency_intelligence_engine.zip,None equivalent; shared platform infrastructure reused,NEW,New capability represented by a canonical shared service.,app/core/data_engineering/service.py,/api/v1/datasets/{dataset_id}/data-engineering/dependency_dag,AnalysisRun; PipelineRun; WorkspaceAsset; AutomationRun,optional,Data Engineering,pandas; numpy,INTEGRATED_AND_TESTABLE
288,Partition Storage Strategy Engine,tool288_partition_storage_strategy_engine.zip,None equivalent; shared platform infrastructure reused,NEW,New capability represented by a canonical shared service.,app/core/data_engineering/service.py,/api/v1/datasets/{dataset_id}/data-engineering/partition_storage,AnalysisRun; PipelineRun; WorkspaceAsset; AutomationRun,optional,Data Engineering,pandas; numpy,INTEGRATED_AND_TESTABLE
289,Backfill Replay Planning Engine,tool289_backfill_replay_planning_engine.zip,None equivalent; shared platform infrastructure reused,NEW,New capability represented by a canonical shared service.,app/core/data_engineering/service.py,/api/v1/datasets/{dataset_id}/data-engineering/backfill_replay,AnalysisRun; PipelineRun; WorkspaceAsset; AutomationRun,yes,Data Engineering,pandas; numpy,INTEGRATED_AND_TESTABLE
290,Data Freshness Sla Monitoring Engine,tool290_data_freshness_sla_monitoring_engine.zip,None equivalent; shared platform infrastructure reused,NEW,New capability represented by a canonical shared service.,app/core/data_engineering/service.py,/api/v1/datasets/{dataset_id}/data-engineering/freshness_sla,AnalysisRun; PipelineRun; WorkspaceAsset; AutomationRun,optional,Data Engineering,pandas; numpy,INTEGRATED_AND_TESTABLE
291,Pipeline Observability Failure Diagnosis Engine,tool291_pipeline_observability_failure_diagnosis_engine.zip,None equivalent; shared platform infrastructure reused,NEW,New capability represented by a canonical shared service.,app/core/data_engineering/service.py,/api/v1/datasets/{dataset_id}/data-engineering/observability_failure_diagnosis,AnalysisRun; PipelineRun; WorkspaceAsset; AutomationRun,optional,Data Engineering,pandas; numpy,INTEGRATED_AND_TESTABLE
292,Warehouse Lake Cost Optimization Engine,tool292_warehouse_lake_cost_optimization_engine.zip,None equivalent; shared platform infrastructure reused,NEW,New capability represented by a canonical shared service.,app/core/data_engineering/service.py,/api/v1/datasets/{dataset_id}/data-engineering/cost_optimization,AnalysisRun; PipelineRun; WorkspaceAsset; AutomationRun,optional,Data Engineering,pandas; numpy,INTEGRATED_AND_TESTABLE
293,Automated Data Engineering Orchestrator,tool293_automated_data_engineering_orchestrator.zip,None equivalent; shared platform infrastructure reused,NEW,New capability represented by a canonical shared service.,app/core/data_engineering/service.py,/api/v1/datasets/{dataset_id}/data-engineering/orchestration,AnalysisRun; PipelineRun; WorkspaceAsset; AutomationRun,yes,Data Engineering,pandas; numpy,INTEGRATED_AND_TESTABLE
294,Automated Data Science Workflow Planner,tool294_automated_data_science_workflow_planner.zip,Tools 1-100 dataset/version/analysis/artifact/job/workspace foundation,EXTEND,Extends the existing cumulative analyst/orchestration foundation.,app/orchestration/intelligence.py,/api/v1/datasets/{dataset_id}/orchestration/data_science_plan,AnalysisRun; WorkspaceAsset; AutomationRun,yes,Automation,shared platform services,INTEGRATED_AND_TESTABLE
295,Automated Data Engineering Workflow Planner,tool295_automated_data_engineering_workflow_planner.zip,Tools 1-100 dataset/version/analysis/artifact/job/workspace foundation,EXTEND,Extends the existing cumulative analyst/orchestration foundation.,app/orchestration/intelligence.py,/api/v1/datasets/{dataset_id}/orchestration/data_engineering_plan,AnalysisRun; WorkspaceAsset; AutomationRun,yes,Automation,shared platform services,INTEGRATED_AND_TESTABLE
296,Feature Store Lineage Intelligence Engine,tool296_feature_store_lineage_intelligence_engine.zip,None equivalent; shared platform infrastructure reused,NEW,New capability represented by a canonical shared service.,app/orchestration/intelligence.py,/api/v1/datasets/{dataset_id}/orchestration/feature_store,AnalysisRun; WorkspaceAsset; AutomationRun,yes,Automation,shared platform services,INTEGRATED_AND_TESTABLE
297,Data Product Contract Ownership Engine,tool297_data_product_contract_ownership_engine.zip,None equivalent; shared platform infrastructure reused,NEW,New capability represented by a canonical shared service.,app/orchestration/intelligence.py,/api/v1/datasets/{dataset_id}/orchestration/data_product,AnalysisRun; WorkspaceAsset; AutomationRun,yes,Automation,shared platform services,INTEGRATED_AND_TESTABLE
298,Data Ml Incident Root Cause Engine,tool298_data_ml_incident_root_cause_engine.zip,None equivalent; shared platform infrastructure reused,NEW,New capability represented by a canonical shared service.,app/orchestration/intelligence.py,/api/v1/datasets/{dataset_id}/orchestration/incident_root_cause,AnalysisRun; WorkspaceAsset; AutomationRun,yes,Automation,shared platform services,INTEGRATED_AND_TESTABLE
299,Unified Data Ml Pipeline Orchestrator,tool299_unified_data_ml_pipeline_orchestrator.zip,Tools 1-100 dataset/version/analysis/artifact/job/workspace foundation,EXTEND,Extends the existing cumulative analyst/orchestration foundation.,app/orchestration/intelligence.py,/api/v1/datasets/{dataset_id}/orchestration/unified_pipeline,AnalysisRun; WorkspaceAsset; AutomationRun,yes,Automation,shared platform services,INTEGRATED_AND_TESTABLE
300,Autonomous Data Intelligence Orchestrator,tool300_autonomous_data_intelligence_orchestrator.zip,Tools 1-100 dataset/version/analysis/artifact/job/workspace foundation,EXTEND,Extends the existing cumulative analyst/orchestration foundation.,app/orchestration/intelligence.py,/api/v1/datasets/{dataset_id}/orchestration/autonomous,AnalysisRun; WorkspaceAsset; AutomationRun,yes,Automation,shared platform services,INTEGRATED_AND_TESTABLE
